{
    "movies": {
        "dataset": "movies",
        "basic_stats": {
            "shape": [
                9742,
                3
            ],
            "columns": [
                "movieId",
                "title",
                "genres"
            ],
            "dtypes": {
                "movieId": "float64",
                "title": "int64",
                "genres": "int64"
            },
            "missing_values": {
                "movieId": 0,
                "title": 0,
                "genres": 0
            },
            "duplicates": 0,
            "numerical_stats": {
                "movieId": {
                    "count": 9742.0,
                    "mean": 0.2179628611601067,
                    "std": 0.2694129109047061,
                    "min": 0.0,
                    "25%": 0.016772292467253418,
                    "50%": 0.037699888434362214,
                    "75%": 0.3937388950869799,
                    "max": 1.0
                },
                "title": {
                    "count": 9742.0,
                    "mean": 4867.9781359063845,
                    "std": 2811.0455943240304,
                    "min": 0.0,
                    "25%": 2434.25,
                    "50%": 4867.5,
                    "75%": 7302.75,
                    "max": 9736.0
                },
                "genres": {
                    "count": 9742.0,
                    "mean": 626.8550605625128,
                    "std": 252.14172742306195,
                    "min": 0.0,
                    "25%": 488.25,
                    "50%": 687.0,
                    "75%": 812.0,
                    "max": 950.0
                }
            }
        },
        "distributions": {
            "movieId": {
                "type": "numerical",
                "min": 0.0,
                "max": 1.0,
                "mean": 0.2179628611601067,
                "median": 0.037699888434362214,
                "std": 0.2694129109047061,
                "skewness": 1.127469446265585,
                "kurtosis": 0.05207535845439226
            },
            "title": {
                "type": "numerical",
                "min": 0.0,
                "max": 9736.0,
                "mean": 4867.9781359063845,
                "median": 4867.5,
                "std": 2811.0455943240304,
                "skewness": 0.00029309058365459365,
                "kurtosis": -1.2002264880308409
            },
            "genres": {
                "type": "numerical",
                "min": 0.0,
                "max": 950.0,
                "mean": 626.8550605625128,
                "median": 687.0,
                "std": 252.14172742306195,
                "skewness": -0.9279456448330594,
                "kurtosis": -0.2367478502368603
            }
        },
        "correlations": {
            "correlation_matrix": {
                "movieId": {
                    "movieId": 1.0,
                    "title": 0.05476849698515283,
                    "genres": -0.1193760455966327
                },
                "title": {
                    "movieId": 0.05476849698515283,
                    "title": 1.0,
                    "genres": -0.006592384940083198
                },
                "genres": {
                    "movieId": -0.1193760455966327,
                    "title": -0.006592384940083198,
                    "genres": 1.0
                }
            },
            "highly_correlated_pairs": []
        }
    },
    "ratings": {
        "dataset": "ratings",
        "basic_stats": {
            "shape": [
                100836,
                4
            ],
            "columns": [
                "userId",
                "movieId",
                "rating",
                "timestamp"
            ],
            "dtypes": {
                "userId": "float64",
                "movieId": "float64",
                "rating": "float64",
                "timestamp": "float64"
            },
            "missing_values": {
                "userId": 0,
                "movieId": 0,
                "rating": 0,
                "timestamp": 0
            },
            "duplicates": 0,
            "numerical_stats": {
                "userId": {
                    "count": 100836.0,
                    "mean": 0.5338712045460867,
                    "std": 0.29986616003858774,
                    "min": 0.0,
                    "25%": 0.2889983579638752,
                    "50%": 0.5320197044334976,
                    "75%": 0.7816091954022988,
                    "max": 0.9999999999999999
                },
                "movieId": {
                    "count": 100836.0,
                    "mean": 0.10037961095512167,
                    "std": 0.1835202429584531,
                    "min": 0.0,
                    "25%": 0.006187760836329077,
                    "50%": 0.015443576711706129,
                    "75%": 0.041945580761125575,
                    "max": 1.0
                },
                "rating": {
                    "count": 100836.0,
                    "mean": 0.6670126630259915,
                    "std": 0.23167316423569667,
                    "min": 0.0,
                    "25%": 0.5555555555555556,
                    "50%": 0.6666666666666665,
                    "75%": 0.7777777777777777,
                    "max": 1.0
                },
                "timestamp": {
                    "count": 100836.0,
                    "mean": 0.5323868907453196,
                    "std": 0.3047326554021923,
                    "min": 0.0,
                    "25%": 0.26913636415933073,
                    "50%": 0.5044030452067658,
                    "75%": 0.8565467885152752,
                    "max": 1.0000000000000002
                }
            }
        },
        "distributions": {
            "userId": {
                "type": "numerical",
                "min": 0.0,
                "max": 0.9999999999999999,
                "mean": 0.5338712045460867,
                "median": 0.5320197044334976,
                "std": 0.29986616003858774,
                "skewness": -0.0790358867261282,
                "kurtosis": -1.1813914024108023
            },
            "movieId": {
                "type": "numerical",
                "min": 0.0,
                "max": 1.0,
                "mean": 0.10037961095512167,
                "median": 0.015443576711706129,
                "std": 0.1835202429584531,
                "skewness": 2.210803695934953,
                "kurtosis": 4.376224442248944
            },
            "rating": {
                "type": "numerical",
                "min": 0.0,
                "max": 1.0,
                "mean": 0.6670126630259915,
                "median": 0.6666666666666665,
                "std": 0.23167316423569667,
                "skewness": -0.637199389252921,
                "kurtosis": 0.12331407123922622
            },
            "timestamp": {
                "type": "numerical",
                "min": 0.0,
                "max": 1.0000000000000002,
                "mean": 0.5323868907453196,
                "median": 0.5044030452067658,
                "std": 0.3047326554021923,
                "skewness": -0.00877694229033596,
                "kurtosis": -1.2679481062421674
            }
        },
        "correlations": {
            "correlation_matrix": {
                "userId": {
                    "userId": 1.0,
                    "movieId": 0.0067734839929045705,
                    "rating": -0.04934798037339026,
                    "timestamp": 0.09715144481483927
                },
                "movieId": {
                    "userId": 0.0067734839929045705,